,Number_of_Customers_Per_Day,Average_Order_Value,Operating_Hours_Per_Day,Number_of_Employees,Marketing_Spend_Per_Day,Daily_Revenue
0,152,6.74,14,4,106,1547
1,485,4.5,12,8,57,2084
2,398,9.09,6,6,91,3118
3,320,8.48,17,4,462,2912
4,156,7.44,17,2,412,1663
5,121,8.88,6,9,183,1155
6,238,9.0,11,4,331,2179
7,70,7.81,10,3,273,890
8,152,8.78,14,2,341,1704
9,171,7.73,7,5,344,2025
10,264,7.6,13,14,318,2099
11,380,7.14,16,9,140,2568
12,137,8.15,10,14,29,1367
13,422,3.69,7,4,233,1817
14,149,9.11,15,2,446,1707
15,409,9.04,16,5,289,3618
16,201,2.72,16,10,417,876
17,180,8.69,17,14,495,2167
18,199,3.47,11,2,90,962
19,358,5.01,15,13,348,2463
20,307,8.08,13,12,340,2445
21,393,3.71,9,3,490,2221
22,463,8.63,7,10,492,4368
23,343,8.74,17,3,346,3165
24,435,6.31,16,14,129,2580
25,241,2.55,10,4,401,770
26,493,4.65,17,8,62,2284
27,326,7.13,7,4,392,2416
28,210,9.86,7,10,456,2397
29,363,7.24,11,7,197,2745
30,71,4.45,16,4,319,399
31,302,7.26,15,10,220,2040
32,285,6.55,14,2,224,2260
33,394,8.35,9,11,162,3228
34,98,3.3,11,4,383,733
35,108,8.21,12,2,468,1526
36,219,6.56,16,3,470,2133
37,237,9.72,11,13,95,2441
38,320,5.06,13,9,438,1892
39,239,7.24,9,8,371,1909
40,495,9.49,17,3,133,4550
41,224,3.27,6,3,42,851
42,495,9.53,12,10,141,4188
43,100,7.66,8,14,456,1177
44,413,3.01,11,14,320,1560
45,104,4.76,7,7,363,995
46,293,7.81,14,6,136,2273
47,369,3.01,6,11,362,1271
48,180,6.87,11,7,23,1156
49,356,5.09,11,10,193,1778
50,184,7.16,10,12,317,1428
51,70,2.84,10,8,81,299
52,378,9.04,6,11,413,3672
53,216,9.8,15,11,125,2253
54,323,9.77,17,10,329,3162
55,437,8.12,10,5,208,3553
56,138,3.48,7,3,302,571
57,365,8.19,12,13,62,2729
58,63,2.68,8,9,18,272
59,291,2.67,9,5,455,1492
60,314,4.93,8,14,142,1717
61,395,6.16,8,10,411,2968
62,102,8.28,9,5,499,1420
63,435,7.62,10,9,113,3252
64,389,5.84,6,10,139,2628
65,141,4.55,9,14,334,986
66,416,9.98,17,10,483,4737
67,493,5.7,17,11,458,3392
68,477,5.89,16,5,256,2859
69,313,3.73,13,2,399,1613
70,480,8.46,15,4,76,3793
71,84,7.7,12,10,488,1479
72,255,4.16,14,5,482,1759
73,130,3.12,10,6,90,405
74,469,7.6,15,8,156,3026
75,99,7.41,9,6,59,883
76,409,4.55,13,5,143,1503
77,437,9.63,14,3,409,4129
78,51,3.63,12,3,195,379
79,439,5.74,12,14,53,2105
80,103,9.58,10,14,177,1218
81,155,5.65,9,5,490,1465
82,309,7.29,15,11,318,2662
83,359,5.48,6,14,213,1769
84,240,4.56,15,11,91,989
85,451,9.88,15,14,493,4750
86,267,5.57,12,10,412,1965
87,93,9.21,6,9,147,1131
88,211,4.22,6,4,44,684
89,251,4.1,10,10,37,889
90,495,2.73,14,6,68,1421
91,319,7.39,11,12,294,2123
92,400,5.26,8,4,465,2668
93,353,8.98,8,6,253,3385
94,320,6.05,12,14,423,2110
95,264,9.76,11,11,228,2598
96,301,3.89,14,14,357,1888
97,239,9.01,11,5,368,2622
98,345,8.32,10,9,95,2815
99,262,8.28,15,14,187,2431
100,257,8.84,12,13,322,2889
101,286,8.21,6,6,44,2183
102,387,7.2,17,11,187,2707
103,416,3.48,12,13,272,1908
104,102,2.74,8,9,498,961
105,329,9.41,14,10,242,2964
106,459,7.12,11,5,409,3448
107,266,8.47,14,8,221,2422
108,301,6.11,10,3,400,2165
109,237,3.38,12,7,301,1098
110,429,3.44,9,9,444,1789
111,90,7.64,12,13,211,1222
112,206,5.73,6,8,306,1452
113,64,4.0,12,8,318,566
114,350,6.19,13,9,214,2150
115,114,2.98,10,8,80,587
116,394,6.86,7,6,55,2630
117,376,4.52,10,8,18,1456
118,58,8.48,11,14,438,1106
119,393,4.83,17,11,125,1952
120,178,5.91,7,4,113,976
121,185,2.59,11,6,370,679
122,112,3.04,11,8,166,659
123,188,5.44,6,10,257,1177
124,130,6.1,6,3,89,936
125,441,7.0,16,5,480,3562
126,212,4.69,15,13,427,1546
127,468,7.71,8,8,433,3812
128,338,8.95,15,2,209,2909
129,428,8.35,15,14,383,3564
130,310,2.8,17,3,80,779
131,280,6.1,8,10,14,1672
132,90,3.29,9,14,19,575
133,77,4.32,7,11,297,995
134,184,9.9,14,8,233,2018
135,250,3.57,15,13,263,1478
136,377,6.24,17,11,13,2076
137,317,7.14,16,8,217,2104
138,467,7.77,12,7,361,4192
139,82,6.7,12,4,226,941
140,97,2.57,11,11,368,470
141,456,4.95,8,4,124,2529
142,111,6.38,11,3,408,1101
143,265,3.16,17,12,298,1095
144,342,5.13,13,7,113,1953
145,148,2.75,13,5,125,827
146,221,3.09,16,6,317,891
147,409,5.48,14,4,416,2936
148,263,3.5,6,7,213,1323
149,84,6.76,6,12,136,555
150,498,7.67,8,13,434,4040
151,276,8.5,8,4,337,2921
152,150,4.0,15,9,229,572
153,480,3.76,13,10,249,2274
154,180,3.28,15,5,110,865
155,306,7.27,6,10,317,2579
156,54,7.8,7,13,185,684
157,267,2.74,7,8,497,1799
158,304,9.52,8,4,245,3396
159,447,2.89,11,8,248,1411
160,408,6.56,6,2,287,2962
161,332,7.82,7,4,459,3400
162,442,9.03,6,7,402,4038
163,256,7.86,10,5,231,2206
164,64,8.51,12,8,362,1234
165,395,5.05,13,4,297,1838
166,91,8.61,15,2,251,1247
167,429,3.1,6,10,104,1135
168,228,9.21,12,7,237,2284
169,112,6.61,10,9,130,1090
170,401,8.63,15,4,458,3324
171,280,5.89,6,9,174,1902
172,290,7.33,8,3,476,3035
173,101,6.45,12,13,271,886
174,145,7.99,15,5,319,1637
175,437,3.11,6,4,276,1904
176,271,2.95,12,11,73,511
177,456,4.35,10,2,194,2227
178,280,3.7,6,14,58,1225
179,286,9.04,6,14,315,2927
180,192,4.14,6,8,228,1076
181,220,9.82,16,12,391,2331
182,78,5.03,14,11,118,808
183,85,3.87,16,3,90,438
184,62,8.42,8,5,209,602
185,209,7.44,10,10,464,2031
186,376,6.24,16,7,358,2722
187,236,6.67,15,9,215,1427
188,292,7.89,17,3,263,2472
189,135,4.21,14,8,51,505
190,333,9.97,11,7,492,3993
191,115,9.81,17,14,336,1145
192,219,7.38,14,10,149,1867
193,94,4.0,13,8,297,1067
194,111,7.6,13,2,63,487
195,490,3.04,6,9,483,1722
196,183,2.73,14,12,95,950
197,333,4.43,11,11,327,1638
198,77,5.97,14,4,130,1228
199,157,9.01,8,3,361,1454
200,93,7.95,17,13,390,1285
201,389,8.07,8,4,339,3330
202,335,5.69,11,12,311,2140
203,495,5.09,14,7,447,3031
204,380,5.28,12,14,48,1982
205,177,9.91,8,4,172,1803
206,397,2.8,8,11,131,995
207,280,9.0,7,6,494,3218
208,239,6.84,14,7,200,1898
209,274,5.79,8,9,368,2004
210,434,7.94,16,8,345,3738
211,426,6.15,10,12,113,2682
212,332,9.05,14,9,127,2742
213,495,9.26,13,4,147,4459
214,170,5.66,7,5,211,1072
215,165,4.58,8,7,124,1027
216,282,6.94,7,12,19,1752
217,308,9.34,13,8,440,3372
218,408,4.08,11,10,483,2136
219,247,7.17,11,14,177,1992
220,460,7.24,17,2,175,3065
221,186,8.0,14,14,13,1366
222,367,3.49,13,9,343,1863
223,214,7.87,9,9,414,2230
224,274,9.32,17,7,81,2459
225,356,3.85,9,5,88,1726
226,283,4.28,14,4,397,1890
227,221,9.79,6,12,311,2586
228,201,3.86,7,4,31,877
229,364,8.91,7,7,315,3548
230,423,6.19,11,14,161,2930
231,209,4.35,9,9,190,1020
232,145,9.03,16,8,387,1961
233,282,5.84,15,12,407,2164
234,229,6.36,8,2,206,1543
235,162,5.19,8,12,474,1447
236,367,6.95,8,7,209,2653
237,491,3.73,11,8,388,2058
238,101,5.43,13,13,247,1037
239,317,9.77,16,8,449,3441
240,344,4.44,12,10,454,2073
241,435,7.43,9,12,52,3259
242,436,4.94,16,12,468,2667
243,162,8.3,17,11,414,2142
244,150,3.48,9,6,397,961
245,162,9.77,16,2,108,1367
246,489,5.9,15,3,404,3145
247,130,4.27,16,5,426,576
248,236,3.05,16,6,151,1056
249,162,3.77,16,10,476,1056
250,51,6.4,7,12,34,221
251,179,5.03,6,2,83,1078
252,269,8.72,14,4,273,2545
253,103,5.73,17,6,292,881
254,392,4.37,17,4,326,1623
255,273,7.13,7,5,18,2039
256,274,7.8,13,4,480,2788
257,434,3.75,14,5,31,1923
258,452,3.76,9,14,80,1530
259,175,2.78,13,14,16,172
260,179,8.02,14,2,287,1922
261,102,7.48,15,13,466,1349
262,221,6.06,15,9,336,1835
263,267,8.83,10,5,413,3065
264,209,8.54,12,8,16,1708
265,247,6.89,15,3,275,1978
266,465,9.01,9,3,235,4169
267,296,4.04,6,7,254,1130
268,373,3.34,8,3,45,1410
269,488,4.52,10,7,345,2737
270,252,2.93,8,12,256,1155
271,233,6.48,17,3,384,1633
272,172,9.52,16,5,247,1821
273,450,2.8,12,8,83,1546
274,304,3.42,17,9,327,1314
275,343,5.89,14,4,94,2196
276,329,9.5,17,14,437,3480
277,374,4.87,11,10,310,2247
278,421,6.3,15,3,87,2435
279,147,2.81,6,9,481,1110
280,247,3.61,12,9,264,1285
281,444,9.9,8,14,45,3807
282,289,9.74,10,5,317,3063
283,193,2.54,15,2,134,104
284,146,9.64,9,14,403,1752
285,250,7.29,15,2,410,2365
286,173,9.01,10,3,489,2361
287,236,5.91,10,13,255,1733
288,375,6.37,11,10,232,2221
289,398,6.17,15,14,379,2985
290,308,7.5,17,3,74,1963
291,197,3.55,15,3,277,1169
292,301,2.72,16,7,277,932
293,492,4.81,11,8,53,2055
294,469,7.79,13,14,214,3419
295,452,4.01,13,8,428,2301
296,395,7.55,16,14,429,3289
297,196,9.77,14,10,58,1913
298,197,3.2,13,7,54,645
299,401,7.54,16,9,138,2625
300,248,5.83,7,12,438,2014
301,357,9.01,17,7,73,2652
302,466,3.83,15,3,362,1973
303,473,7.69,17,2,59,3290
304,177,8.79,16,6,315,1786
305,88,9.58,6,10,184,705
306,387,7.62,15,9,396,3523
307,409,6.23,7,14,124,2809
308,178,7.13,7,5,323,2077
309,316,9.02,17,6,125,2983
310,490,6.78,8,14,359,3450
311,483,2.73,15,6,438,1761
312,200,9.48,12,7,72,1721
313,464,7.67,7,4,434,4252
314,347,7.57,6,6,300,2792
315,148,4.12,11,3,72,911
316,312,7.44,14,11,219,2656
317,301,5.45,8,2,88,1647
318,193,7.38,11,12,353,1521
319,395,3.3,8,2,381,1727
320,161,7.43,6,11,61,1198
321,109,10.0,17,8,258,1623
322,418,2.86,10,3,409,1693
323,51,9.83,15,5,468,912
324,434,5.55,16,6,261,2757
325,353,9.03,9,8,475,3536
326,303,8.37,12,3,272,2182
327,189,6.75,11,7,203,1517
328,86,8.04,15,2,425,1360
329,209,9.09,12,8,251,1918
330,58,5.53,10,10,241,612
331,282,4.95,9,6,250,1763
332,148,7.51,12,6,424,1704
333,196,8.56,12,5,417,1823
334,353,8.22,11,4,207,3173
335,257,8.48,13,10,173,2562
336,180,5.77,9,6,251,1209
337,453,8.63,15,9,290,3572
338,201,3.4,10,10,126,959
339,103,6.58,9,6,399,1073
340,169,2.54,17,11,248,865
341,210,4.93,6,10,173,1632
342,457,5.25,17,3,62,1943
343,165,5.47,13,10,127,843
344,124,7.72,6,12,475,1535
345,162,5.41,10,5,159,1286
346,469,5.87,11,7,92,3327
347,471,4.28,11,7,235,2217
348,153,5.3,10,7,160,644
349,389,4.2,8,3,27,1442
350,303,3.05,10,8,168,929
351,276,7.03,17,14,276,2305
352,161,7.51,13,7,280,1584
353,148,7.15,7,12,184,1021
354,202,5.98,11,2,229,1264
355,398,5.35,14,3,483,2569
356,451,8.98,13,8,194,3889
357,433,6.39,16,2,136,2686
358,415,6.09,13,2,129,2478
359,387,2.69,13,2,234,1535
360,243,5.06,12,9,382,1600
361,359,5.35,13,5,110,1786
362,212,5.49,11,5,357,1316
363,257,6.85,7,14,20,1570
364,494,6.5,7,3,215,3264
365,218,7.06,13,12,390,1625
366,210,8.24,16,12,175,1752
367,117,8.6,6,12,286,1566
368,338,7.89,11,2,110,2695
369,447,9.67,11,13,373,4525
370,326,2.64,16,11,35,952
371,353,3.97,9,10,427,1788
372,453,2.56,17,8,107,1063
373,433,7.36,16,5,438,3780
374,441,9.24,16,13,182,4107
375,184,4.33,15,7,364,1113
376,244,9.45,8,3,166,1949
377,450,2.95,16,8,453,1730
378,177,9.51,8,3,72,1731
379,82,5.14,6,11,97,393
380,225,3.26,8,9,251,1103
381,492,6.14,9,9,50,3077
382,420,4.43,16,2,106,1814
383,424,4.64,16,14,472,2526
384,71,4.8,10,9,488,1176
385,287,8.52,8,3,194,2275
386,207,6.54,11,7,462,1757
387,87,4.83,16,14,276,938
388,279,7.08,17,2,142,1998
389,414,7.87,10,6,354,3487
390,100,4.54,8,12,332,914
391,487,5.6,11,8,494,3392
392,313,3.41,11,14,139,1257
393,332,3.86,13,11,339,1752
394,76,7.61,7,2,35,818
395,275,3.86,6,3,65,1375
396,326,6.44,9,8,11,2356
397,335,7.82,12,7,499,2991
398,146,3.3,16,4,403,1532
399,333,6.75,15,11,395,2396
400,416,4.42,8,3,259,2431
401,497,9.72,8,11,157,4456
402,366,6.13,10,5,84,2131
403,353,8.54,10,4,149,2941
404,196,6.63,15,8,194,1287
405,53,2.83,8,9,380,723
406,84,7.25,14,3,274,796
407,241,9.64,9,11,47,1915
408,98,7.01,8,8,18,638
409,66,8.64,16,9,60,921
410,221,9.13,7,7,211,2081
411,269,4.21,15,7,467,1908
412,207,4.09,16,11,322,1076
413,95,7.08,14,2,402,952
414,422,5.58,9,5,238,2567
415,55,8.8,8,2,187,1067
416,148,9.25,12,5,63,1368
417,429,5.15,13,3,439,2812
418,282,4.28,16,12,393,1975
419,86,8.35,7,14,92,777
420,329,4.56,12,6,261,1711
421,398,8.67,17,11,248,3573
422,351,5.68,10,10,316,2398
423,230,7.51,16,12,473,1985
424,144,3.22,10,13,294,917
425,148,7.18,8,11,274,1368
426,237,5.89,10,4,34,1150
427,165,6.9,17,9,40,1071
428,240,3.76,7,4,101,731
429,302,8.03,9,7,25,1919
430,465,8.97,11,5,374,4328
431,210,4.13,6,9,364,1507
432,305,3.22,15,12,76,929
433,372,2.68,9,7,419,1334
434,177,7.31,11,9,85,1132
435,67,7.05,14,2,157,771
436,330,6.6,16,7,132,2491
437,272,4.24,16,2,192,1480
438,103,5.43,7,2,134,965
439,107,6.96,16,9,249,835
440,372,6.23,12,8,209,2385
441,409,9.91,11,4,493,4591
442,223,3.52,7,7,37,482
443,329,7.71,13,10,79,2270
444,163,5.53,12,8,35,1053
445,337,5.71,16,13,316,2258
446,480,7.88,10,4,36,3266
447,391,7.69,17,14,419,3009
448,200,9.93,10,7,260,2446
449,499,3.46,12,12,268,1545
450,176,3.28,14,5,285,1073
451,204,7.93,16,14,93,1489
452,435,6.84,14,4,106,3047
453,322,4.56,14,10,166,1362
454,153,3.1,11,11,300,1401
455,466,3.14,15,3,112,1566
456,442,9.21,11,2,67,3877
457,348,3.94,8,3,485,1807
458,295,4.93,6,8,20,1313
459,225,4.2,12,11,403,1433
460,88,5.16,9,2,396,1362
461,219,3.02,6,7,155,908
462,296,6.39,13,8,76,1925
463,75,3.01,17,10,81,431
464,404,8.5,11,9,351,3743
465,355,4.25,11,7,324,1567
466,458,6.55,7,4,393,3700
467,457,9.1,6,9,469,4271
468,62,7.38,7,8,349,927
469,365,6.5,9,4,86,2571
470,440,4.93,7,10,129,2533
471,362,5.0,6,13,422,2424
472,85,7.52,12,3,112,643
473,222,9.96,16,4,45,2083
474,69,7.46,16,3,354,1028
475,370,6.68,17,14,207,2575
476,313,7.98,13,2,460,2693
477,449,5.99,11,5,328,3165
478,191,2.95,9,6,54,615
479,420,6.72,11,14,474,3107
480,192,9.68,8,7,136,1778
481,141,3.81,17,6,175,800
482,403,7.68,13,2,207,2815
483,371,4.01,15,4,35,1567
484,337,6.52,7,2,253,2404
485,264,3.23,10,12,70,1186
486,496,5.88,6,6,206,2950
487,391,8.17,11,6,181,2930
488,100,5.11,7,13,388,803
489,202,7.49,9,12,403,1888
490,235,8.47,11,14,85,1862
491,112,9.45,15,7,189,1123
492,239,4.26,16,9,192,1231
493,174,5.49,13,11,84,867
494,199,3.64,17,13,401,1304
495,363,9.94,13,2,356,3678
496,107,9.45,16,5,103,1191
497,391,6.55,11,11,189,2527
498,354,8.82,9,12,61,3152
499,229,6.41,13,2,317,1928
500,219,7.18,13,10,69,1558
501,375,3.17,15,12,493,1768
502,320,8.16,6,8,392,2635
503,103,3.46,9,8,201,905
504,493,8.7,9,13,293,4164
505,150,8.37,12,6,456,1832
506,313,7.82,16,8,281,2693
507,102,2.77,12,13,95,360
508,109,4.77,16,3,195,1032
509,157,4.47,13,14,423,1022
510,54,5.2,16,5,325,1088
511,152,3.16,10,8,328,1059
512,245,9.53,12,4,434,2704
513,311,6.65,13,3,448,2486
514,414,4.79,14,11,460,2032
515,421,5.48,8,3,56,1991
516,399,5.85,8,14,276,2444
517,96,7.0,9,2,372,1199
518,404,6.37,10,6,380,3139
519,360,9.4,15,13,307,3914
520,473,6.23,6,7,91,2844
521,357,9.94,12,7,400,3835
522,193,8.89,14,10,362,1990
523,318,4.06,13,5,52,897
524,419,9.48,10,2,237,3809
525,173,3.37,9,7,95,626
526,155,8.63,17,6,175,1662
527,207,5.35,12,11,18,1128
528,196,9.08,10,7,206,1955
529,194,9.01,12,4,279,1876
530,169,8.54,17,3,313,1372
531,368,8.43,6,7,335,2910
532,324,4.79,6,14,419,1693
533,141,3.11,15,2,115,509
534,107,5.52,8,8,69,833
535,488,3.8,16,8,427,2503
536,395,7.71,7,11,86,3029
537,278,5.1,7,14,487,1904
538,166,9.82,12,8,422,2330
539,367,7.31,17,13,255,2611
540,328,8.67,15,12,490,3466
541,176,3.49,7,11,57,304
542,442,8.97,16,2,158,3570
543,445,9.42,9,5,322,4587
544,178,6.15,7,14,181,1216
545,107,7.05,11,8,464,1240
546,171,8.24,13,12,42,1551
547,50,3.81,15,10,279,833
548,288,6.27,9,6,299,1987
549,339,5.49,10,14,329,2225
550,145,3.6,9,3,135,700
551,175,5.26,8,8,188,545
552,167,3.01,10,11,423,808
553,97,2.69,14,2,105,581
554,138,3.51,13,8,415,892
555,286,9.72,13,7,285,3036
556,422,6.62,13,8,383,3142
557,434,9.74,17,14,359,4587
558,321,5.74,13,11,111,1553
559,238,4.84,12,4,288,1548
560,241,6.3,13,4,435,2006
561,496,5.8,16,8,221,2763
562,118,3.29,13,14,483,915
563,327,7.31,13,3,231,2544
564,398,4.12,17,2,79,1721
565,296,7.15,15,10,200,2218
566,125,7.38,12,10,476,1563
567,203,3.64,17,8,166,815
568,193,2.96,6,8,435,1080
569,484,8.36,9,4,441,4145
570,135,5.95,9,11,181,891
571,234,2.94,10,3,50,814
572,334,9.96,15,12,365,3682
573,269,2.93,11,8,162,698
574,118,7.71,9,10,393,1229
575,96,9.88,7,2,226,1051
576,143,4.29,11,14,247,910
577,287,3.57,13,5,391,1172
578,495,3.41,13,7,197,1639
579,253,4.77,12,8,227,1149
580,449,3.26,11,11,194,1688
581,267,7.69,7,8,190,2126
582,481,2.97,12,11,267,1594
583,390,6.32,16,3,406,2615
584,88,9.98,17,5,187,981
585,149,8.6,10,6,266,1440
586,338,7.11,11,13,338,2997
587,303,4.8,15,2,142,1721
588,271,7.18,13,2,145,1832
589,406,6.45,13,11,467,3090
590,72,5.7,8,4,364,1105
591,299,3.48,17,11,292,1237
592,59,9.15,17,4,327,693
593,295,5.87,12,13,24,1235
594,374,3.96,6,9,312,2056
595,149,5.26,6,10,259,1056
596,339,5.61,12,12,277,2186
597,229,8.71,15,13,186,1959
598,272,8.0,14,2,49,1779
599,443,8.27,12,12,104,3238
600,299,2.58,15,3,475,1139
601,196,5.62,10,11,210,1476
602,491,6.11,13,3,238,3356
603,145,2.64,7,5,35,405
604,306,4.45,14,3,28,964
605,374,8.2,11,8,361,3401
606,53,3.53,14,14,273,831
607,65,6.51,7,10,259,964
608,329,4.11,8,8,129,1404
609,385,2.59,17,13,374,1412
610,296,4.31,13,7,92,1279
611,307,9.82,6,11,103,3112
612,433,8.51,15,2,235,3822
613,209,9.7,12,12,150,1972
614,389,6.16,12,11,131,2271
615,201,3.32,6,10,326,993
616,445,6.61,14,6,328,2927
617,227,5.91,13,12,414,2098
618,212,8.83,9,6,214,1849
619,429,3.24,15,7,45,1417
620,82,6.16,16,10,144,538
621,466,3.63,10,14,490,2162
622,494,4.94,7,9,302,2626
623,228,8.03,14,9,357,2293
624,476,6.07,17,9,13,2568
625,150,5.32,17,2,263,886
626,317,5.46,11,2,28,1604
627,372,5.95,8,9,288,2272
628,114,8.39,17,6,461,1861
629,466,9.19,12,10,484,4529
630,217,9.67,14,3,274,2167
631,379,8.4,8,10,234,3611
632,92,4.87,7,13,473,1260
633,93,7.66,12,9,340,971
634,334,5.78,12,10,41,1641
635,446,4.41,9,5,238,2222
636,61,8.81,16,2,127,683
637,144,2.79,14,2,240,899
638,351,9.26,13,6,233,3142
639,435,5.96,6,3,295,2916
640,302,7.28,6,9,184,1808
641,291,7.45,10,11,90,2056
642,84,9.21,11,12,256,958
643,264,7.28,8,6,416,2263
644,386,7.1,14,6,335,2949
645,139,3.0,17,3,175,866
646,313,6.39,15,8,468,2271
647,142,3.63,11,14,456,711
648,459,8.03,9,9,112,3278
649,139,6.34,17,11,29,1041
650,467,7.6,12,14,373,3425
651,164,2.81,13,2,415,923
652,154,3.14,14,3,484,1329
653,440,7.87,16,11,446,3773
654,245,3.04,11,5,304,1352
655,363,3.03,11,6,269,987
656,163,2.59,13,14,23,351
657,124,9.67,17,3,130,1542
658,462,8.03,10,2,235,3466
659,425,5.15,8,10,317,2653
660,469,4.72,17,2,283,2369
661,266,5.12,8,14,373,1873
662,326,8.31,11,5,147,2911
663,298,7.46,7,3,286,2516
664,213,3.89,11,12,53,707
665,443,3.81,11,5,212,1950
666,406,3.24,13,9,377,1617
667,457,7.45,12,9,349,3643
668,241,8.23,13,12,495,2277
669,276,4.49,14,13,146,1340
670,226,2.66,11,10,254,1160
671,148,3.12,8,14,171,613
672,85,9.76,15,12,225,1304
673,145,4.72,8,13,429,1879
674,201,8.27,16,6,345,2008
675,200,7.18,17,8,442,2078
676,239,5.36,6,4,109,1412
677,273,4.04,16,11,437,1694
678,86,3.41,10,5,39,480
679,317,7.11,9,11,445,2646
680,418,8.31,14,10,171,3250
681,232,7.33,14,11,164,1471
682,62,6.48,10,11,260,684
683,328,2.81,15,13,470,1716
684,266,9.76,9,2,33,2198
685,404,8.49,12,3,182,3410
686,410,4.7,11,6,429,2354
687,335,9.85,9,4,204,3151
688,322,7.01,15,3,107,1822
689,418,6.87,7,2,218,3184
690,111,8.11,6,11,198,1212
691,133,8.59,9,4,458,2249
692,417,7.42,9,2,383,3575
693,266,3.46,6,13,257,1482
694,391,5.04,11,2,494,2165
695,446,9.46,9,13,237,3800
696,236,4.18,6,2,38,954
697,68,5.29,6,9,138,301
698,226,5.74,6,4,223,1366
699,149,5.8,13,12,86,1413
700,445,7.1,15,2,474,3792
701,494,9.57,13,8,385,4646
702,282,4.31,7,11,141,832
703,452,3.41,16,4,299,1632
704,125,3.98,12,9,363,881
705,314,9.15,13,5,471,3228
706,333,7.34,13,5,442,2606
707,255,4.64,16,6,262,1684
708,272,8.62,15,7,389,2552
709,433,8.96,16,8,285,4049
710,101,8.85,12,5,280,1236
711,388,9.39,10,9,66,3566
712,416,4.39,6,14,71,1703
713,193,8.16,17,7,269,1636
714,422,5.95,14,2,141,2352
715,118,8.81,12,2,20,849
716,148,7.96,7,10,364,2019
717,445,8.32,11,11,25,3386
718,74,7.42,7,7,301,947
719,485,3.83,6,11,274,2259
720,428,6.59,12,9,484,3265
721,102,9.89,7,14,247,1503
722,200,9.53,7,8,41,1702
723,193,2.82,16,13,280,815
724,106,3.74,10,7,422,793
725,88,3.49,10,5,498,1394
726,158,7.94,12,8,220,1446
727,230,8.63,6,10,166,1802
728,91,4.1,13,12,454,1056
729,235,6.29,8,11,103,1355
730,472,8.81,9,11,311,4131
731,447,8.0,14,8,208,3593
732,272,6.57,9,2,30,1957
733,171,6.93,15,11,180,1357
734,182,6.31,17,10,139,1101
735,212,4.73,10,14,346,1320
736,264,6.74,12,5,474,2445
737,270,7.67,9,4,141,1684
738,284,9.05,6,5,407,2716
739,380,7.27,14,5,37,2584
740,195,8.21,9,14,273,1510
741,288,3.7,14,11,44,963
742,125,5.96,11,12,467,1276
743,58,2.57,6,3,385,887
744,123,4.35,17,13,332,930
745,491,7.95,8,2,413,4371
746,450,9.94,16,13,327,4532
747,302,3.24,7,11,484,1963
748,279,5.51,14,13,359,1645
749,56,8.5,17,2,463,1446
750,223,4.03,6,14,263,1121
751,190,6.66,14,9,67,1534
752,217,8.0,14,3,268,2202
753,219,7.12,13,13,72,941
754,442,3.91,13,11,300,2101
755,483,5.17,16,6,246,2816
756,332,8.38,17,13,315,3242
757,171,6.66,6,5,14,812
758,243,2.54,16,9,105,831
759,54,8.21,13,3,250,814
760,78,2.76,15,11,475,993
761,214,8.09,8,10,197,2054
762,471,4.02,16,8,217,2262
763,388,9.69,12,14,360,3792
764,185,5.26,16,8,305,1387
765,414,4.95,6,2,156,2087
766,370,3.62,6,13,211,1474
767,391,4.79,15,3,116,1831
768,194,9.07,10,5,483,2347
769,376,9.97,10,5,74,3364
770,266,5.26,13,12,192,1724
771,350,5.86,12,4,22,2133
772,181,7.92,13,8,118,1304
773,341,9.15,11,13,392,3660
774,119,6.95,11,9,108,743
775,301,5.44,7,3,49,1727
776,464,5.59,11,5,242,2961
777,324,7.72,10,4,14,2254
778,494,2.52,8,3,51,1035
779,413,7.15,11,13,405,3148
780,231,5.17,13,14,388,1729
781,216,8.46,14,7,458,2725
782,140,3.2,6,14,428,707
783,251,6.91,8,5,344,2098
784,395,6.11,8,7,35,2207
785,68,7.32,16,3,393,947
786,88,2.99,13,13,424,857
787,175,6.85,6,5,401,1572
788,222,6.71,10,12,259,1978
789,190,6.7,8,7,124,1600
790,291,7.03,7,6,424,2495
791,269,7.57,13,4,366,2353
792,175,8.54,8,9,490,1982
793,107,4.52,12,8,86,582
794,197,8.69,17,4,120,2091
795,366,6.24,16,7,113,2205
796,432,3.08,6,5,398,1627
797,410,2.94,11,12,101,1157
798,472,5.01,8,6,42,2342
799,50,8.39,13,12,499,982
800,436,7.81,11,6,22,3091
801,397,8.41,17,8,419,3728
802,239,6.38,7,12,189,1527
803,240,5.8,11,6,422,1533
804,418,3.61,12,12,281,1566
805,458,4.96,10,4,451,2550
806,361,5.76,8,11,463,2521
807,466,3.16,9,6,14,1355
808,471,4.15,9,8,46,1994
809,166,6.99,11,6,132,997
810,183,8.02,15,6,337,1963
811,107,9.99,6,10,445,1555
812,93,9.5,16,4,235,791
813,222,7.32,9,14,307,1926
814,209,5.66,15,7,102,1481
815,222,7.27,9,2,404,2235
816,366,8.39,15,11,483,3474
817,352,3.39,6,6,141,1511
818,198,5.57,14,9,252,1409
819,129,8.8,9,6,52,1296
820,423,5.38,12,10,283,2141
821,262,6.79,17,12,256,1735
822,252,6.91,8,7,80,1834
823,301,3.88,15,9,226,1698
824,278,5.22,17,11,173,1650
825,213,5.01,8,9,265,1259
826,276,2.7,13,14,296,946
827,196,2.68,13,4,14,430
828,69,8.74,16,8,382,1359
829,490,4.55,17,8,359,2477
830,451,6.39,6,11,189,3087
831,96,4.74,15,13,35,593
832,282,9.56,7,7,379,3338
833,354,4.44,13,13,478,2171
834,63,5.72,6,8,127,505
835,192,9.05,17,3,168,2036
836,464,8.81,13,10,100,3642
837,50,3.9,13,11,292,525
838,422,8.52,7,11,85,3028
839,103,5.94,9,2,184,576
840,423,6.12,11,2,351,3241
841,308,3.5,17,4,284,1535
842,193,3.1,16,4,199,563
843,490,7.96,14,2,215,4073
844,61,6.22,13,13,285,628
845,379,5.78,17,8,12,2119
846,273,7.97,13,5,48,2156
847,321,8.24,12,11,441,3376
848,407,3.69,14,14,48,1316
849,457,7.08,7,3,356,3298
850,205,3.52,8,11,460,802
851,422,8.14,15,6,142,3281
852,57,7.43,13,7,191,813
853,171,9.67,11,10,288,2093
854,397,3.02,15,5,442,1992
855,213,2.93,14,3,471,1326
856,139,4.62,15,6,372,1237
857,185,4.46,9,4,52,834
858,235,4.35,13,3,337,1568
859,365,9.3,15,13,211,3184
860,227,4.37,8,2,240,972
861,77,4.54,8,11,34,199
862,269,8.2,13,3,103,2183
863,406,5.87,10,7,397,2480
864,90,8.33,8,9,232,896
865,277,2.99,15,14,157,861
866,241,6.16,16,4,198,1789
867,460,2.75,6,12,428,1913
868,496,2.97,8,10,377,1905
869,194,9.3,17,13,143,1929
870,250,3.54,14,10,67,992
871,466,6.49,10,3,133,2849
872,261,5.58,17,9,461,1894
873,269,5.11,15,11,294,1986
874,289,9.25,7,12,271,2315
875,462,2.66,12,13,302,1411
876,446,7.48,7,6,189,3245
877,95,9.73,9,5,405,1552
878,84,6.7,17,11,266,1133
879,302,9.53,12,6,67,3062
880,439,2.89,9,5,73,1233
881,131,5.64,12,9,273,1069
882,420,4.45,12,5,468,2458
883,305,7.98,6,14,161,2325
884,246,9.86,11,11,436,2600
885,352,4.42,14,13,384,1957
886,458,7.41,7,14,131,3400
887,499,3.99,8,7,27,1785
888,59,6.74,15,3,59,530
889,361,5.98,10,6,366,2119
890,335,9.79,14,7,107,3117
891,291,7.06,9,6,191,2056
892,300,5.12,6,13,255,1511
893,414,3.36,9,3,365,1931
894,54,3.63,11,8,65,643
895,168,4.19,10,5,209,1145
896,338,4.38,6,9,247,1914
897,423,8.88,9,8,275,3935
898,114,6.71,11,8,411,1434
899,195,6.43,15,10,94,909
900,273,3.36,15,2,405,1408
901,288,8.95,9,11,349,2945
902,226,7.92,14,7,282,2140
903,316,3.01,10,7,352,1639
904,390,7.81,13,7,211,2852
905,331,6.58,14,14,77,2198
906,112,3.11,15,13,336,604
907,266,5.94,10,7,267,1780
908,391,6.14,11,13,323,2633
909,364,3.74,6,11,175,1661
910,332,9.59,16,8,454,3696
911,226,8.87,17,11,297,2274
912,466,7.52,12,7,51,2801
913,147,5.97,9,2,230,1224
914,154,5.59,16,4,380,1292
915,148,7.38,7,3,399,1860
916,434,6.59,10,7,252,3183
917,454,2.97,17,9,448,1698
918,360,6.34,8,4,141,2382
919,55,8.55,11,11,211,860
920,246,5.94,13,9,450,2096
921,400,2.89,12,9,449,1794
922,182,8.4,8,6,346,2020
923,407,4.01,13,9,430,2415
924,308,4.44,7,7,53,1200
925,486,3.74,15,6,433,2105
926,72,4.98,14,10,167,729
927,102,8.18,9,8,97,520
928,214,6.4,6,9,127,1554
929,251,4.04,13,2,214,1330
930,132,9.08,12,12,133,809
931,194,9.1,16,3,167,1712
932,134,9.03,10,9,76,1518
933,127,4.29,15,13,155,431
934,415,5.88,10,10,290,2674
935,50,9.89,12,5,226,583
936,100,8.29,10,13,179,874
937,222,2.7,13,11,375,1486
938,254,2.99,16,12,447,1379
939,309,5.98,11,11,380,2337
940,495,9.32,10,10,172,4388
941,498,6.54,14,5,374,3190
942,418,6.23,16,11,84,2233
943,337,3.29,7,11,73,1344
944,83,7.43,6,11,179,854
945,397,8.67,13,10,405,3552
946,144,5.35,17,12,130,885
947,121,8.32,8,8,40,1099
948,88,9.73,16,3,74,973
949,203,4.03,17,10,430,1228
950,299,6.42,17,5,320,1893
951,211,4.65,17,9,134,1002
952,487,8.45,12,8,282,4348
953,167,6.83,15,14,268,1600
954,308,7.26,16,8,331,2591
955,428,8.48,13,9,124,3418
956,355,5.47,11,2,433,2294
957,317,9.36,17,6,161,2882
958,498,6.5,15,3,350,3594
959,103,3.68,14,3,17,570
960,285,7.72,12,2,192,2216
961,438,8.45,15,6,182,4111
962,271,4.88,10,3,276,1623
963,300,8.93,13,5,45,2410
964,362,9.3,7,4,397,3920
965,450,4.58,12,4,116,1622
966,161,9.88,9,3,341,2040
967,304,3.56,14,14,403,1564
968,352,4.02,17,7,285,1991
969,456,3.88,6,3,373,2272
970,256,9.2,12,9,334,2648
971,278,7.41,11,9,184,2262
972,390,3.64,13,14,406,1676
973,447,5.8,10,13,154,2758
974,115,7.11,6,6,289,901
975,124,3.13,6,11,375,983
976,484,9.12,14,8,195,4273
977,152,8.53,15,5,158,1051
978,471,6.29,11,2,235,3032
979,241,9.75,15,12,410,2787
980,301,5.63,10,3,465,2092
981,275,9.88,6,11,277,2658
982,343,7.51,11,11,334,2917
983,355,7.26,11,5,452,3070
984,147,3.74,8,2,58,627
985,387,9.11,13,14,123,3360
986,335,5.71,6,9,357,2144
987,384,3.72,6,10,413,2360
988,396,2.59,11,5,429,1508
989,484,6.7,15,11,213,3065
990,496,6.46,6,4,53,2975
991,357,7.9,11,3,224,2838
992,298,9.18,6,6,123,2582
993,215,3.1,11,4,152,1203
994,384,7.99,8,11,388,3118
995,79,3.91,13,8,47,356
996,296,8.94,11,12,415,2792
997,155,8.64,16,7,219,1426
998,100,6.56,6,2,302,1390
999,130,7.83,10,13,53,1053
1000,182,4.86,13,9,175,1112
1001,334,6.03,8,3,53,1705
1002,437,8.66,17,6,481,4042
1003,187,5.94,11,10,405,1972
1004,233,5.18,10,9,235,1538
1005,450,6.21,11,3,119,2626
1006,379,8.71,15,10,467,3760
1007,322,5.01,6,6,178,1773
1008,389,3.8,12,11,88,1295
1009,118,7.84,14,7,285,1187
1010,83,8.69,7,14,472,1808
1011,311,3.25,15,4,11,1005
1012,102,4.3,10,14,126,270
1013,499,3.56,15,4,469,2405
1014,254,5.11,9,11,93,1569
1015,175,5.88,11,9,65,843
1016,284,8.12,11,12,289,2418
1017,92,7.38,16,11,432,1550
1018,289,7.16,7,11,243,2234
1019,420,5.14,7,13,497,2660
1020,160,8.81,9,3,342,1515
1021,298,6.03,6,12,46,1900
1022,200,9.84,14,13,496,2478
1023,232,7.26,12,13,209,1396
1024,385,3.45,17,3,150,1107
1025,144,7.57,12,14,283,1293
1026,423,4.94,8,6,159,1904
1027,449,7.65,16,7,52,2986
1028,57,3.02,17,13,10,639
1029,437,3.81,8,3,230,1985
1030,409,8.92,6,6,420,3398
1031,437,4.2,8,8,290,2024
1032,233,8.78,8,11,499,2572
1033,330,4.59,9,11,150,1293
1034,244,7.32,9,9,147,1935
1035,401,7.71,8,13,88,2506
1036,244,6.34,15,8,90,1747
1037,204,4.79,17,9,149,1392
1038,142,4.09,13,13,398,1590
1039,209,2.75,13,10,453,883
1040,483,4.78,6,6,487,2535
1041,110,7.4,12,14,123,1056
1042,171,9.54,16,6,441,2367
1043,100,9.03,7,12,170,1230
1044,452,8.25,6,11,65,3669
1045,326,8.41,8,5,436,3397
1046,54,7.49,9,14,321,887
1047,141,4.45,11,10,90,658
1048,219,9.3,15,6,220,1890
1049,366,7.53,10,3,150,2646
1050,71,6.7,9,11,371,955
1051,454,3.33,13,9,232,1518
1052,375,5.85,16,8,494,2708
1053,50,5.95,17,9,36,110
1054,182,8.98,9,13,183,1969
1055,282,6.6,15,4,246,2129
1056,61,5.35,17,5,256,586
1057,395,9.83,7,6,164,3779
1058,95,3.33,8,7,367,614
1059,83,5.67,11,2,438,880
1060,482,2.82,13,5,469,1801
1061,127,8.05,13,12,404,1488
1062,267,9.39,16,13,426,2924
1063,350,4.6,14,11,279,1897
1064,460,8.94,12,14,414,4059
1065,122,4.69,7,6,158,736
1066,331,9.33,13,8,205,2923
1067,298,8.15,12,14,165,1751
1068,96,8.54,13,6,239,1711
1069,170,2.64,17,14,149,469
1070,263,9.72,8,14,481,2873
1071,288,7.95,12,2,163,2036
1072,105,4.79,15,12,58,328
1073,399,8.72,14,8,268,3495
1074,156,4.61,8,9,37,974
1075,368,9.05,15,14,64,3054
1076,97,3.34,11,8,117,403
1077,110,7.78,7,12,237,1366
1078,386,6.56,7,14,222,2507
1079,75,3.22,10,5,401,824
1080,341,4.31,10,9,372,1696
1081,306,2.59,12,6,218,1378
1082,57,6.02,17,11,173,778
1083,162,4.76,7,10,165,911
1084,404,6.99,16,13,389,3045
1085,302,4.73,12,13,35,1332
1086,229,4.75,10,11,16,975
1087,256,8.07,11,6,399,2149
1088,352,2.86,13,2,243,1488
1089,176,9.27,15,13,74,1534
1090,105,8.89,17,10,125,1407
1091,263,7.51,9,13,466,2562
1092,63,6.95,12,6,431,536
1093,77,9.19,11,7,357,917
1094,127,3.89,15,5,246,384
1095,265,3.09,7,7,264,875
1096,435,4.3,13,13,487,2088
1097,414,8.46,15,9,483,3927
1098,203,2.76,14,4,115,614
1099,63,6.87,10,6,407,1148
1100,236,9.97,15,3,106,2269
1101,361,8.92,9,3,114,3021
1102,420,6.41,11,14,341,3335
1103,56,2.98,13,8,208,507
1104,52,8.74,16,11,466,1092
1105,160,6.99,8,14,53,916
1106,456,3.36,15,11,260,1534
1107,287,3.2,16,12,460,1670
1108,412,9.32,16,11,453,4277
1109,288,7.52,6,7,86,2393
1110,323,8.72,9,5,189,2915
1111,343,9.09,9,6,313,3197
1112,276,6.79,6,2,88,1920
1113,420,6.38,14,8,484,3122
1114,64,5.73,8,9,458,1190
1115,241,4.88,10,10,91,1463
1116,168,5.76,11,9,69,941
1117,77,8.3,13,6,51,1004
1118,251,7.01,11,4,455,2504
1119,88,9.19,8,11,104,888
1120,490,5.83,11,12,213,3026
1121,322,7.05,6,10,229,2449
1122,280,7.23,9,7,303,2281
1123,135,6.94,11,6,45,1293
1124,175,7.77,12,14,121,1508
1125,349,4.28,16,4,466,1875
1126,74,6.34,16,7,455,899
1127,194,3.28,15,4,392,964
1128,62,5.38,8,11,19,427
1129,261,6.16,14,13,170,1634
1130,74,7.39,17,7,317,1035
1131,117,9.63,17,5,144,1418
1132,443,7.0,12,3,455,3880
1133,116,8.08,6,9,320,1260
1134,282,6.3,7,5,45,1385
1135,158,7.26,6,10,455,2073
1136,195,3.03,16,8,479,959
1137,160,4.41,14,13,48,407
1138,277,5.21,14,3,270,2058
1139,160,6.04,12,5,158,1320
1140,83,2.84,15,6,202,612
1141,160,3.55,8,4,98,648
1142,313,4.58,10,10,293,1682
1143,473,9.79,9,14,479,4756
1144,418,4.99,12,6,256,2205
1145,285,6.12,14,3,50,1636
1146,132,3.97,17,12,313,667
1147,91,7.08,7,4,176,680
1148,474,4.61,13,10,429,2188
1149,150,4.05,14,8,222,896
1150,55,6.37,15,3,104,487
1151,229,2.54,15,10,103,1034
1152,331,2.56,14,5,386,1417
1153,369,4.14,15,14,140,1473
1154,275,2.78,12,10,385,1226
1155,492,3.31,14,14,110,1729
1156,489,5.04,14,3,167,2515
1157,364,8.52,8,13,238,3263
1158,414,6.79,9,11,472,3313
1159,278,6.35,7,13,466,2238
1160,426,4.7,15,5,111,1861
1161,338,9.49,8,6,185,3047
1162,486,5.48,16,3,83,2336
1163,199,3.15,16,11,259,737
1164,326,7.13,10,2,235,2813
1165,247,3.35,10,8,451,1446
1166,119,5.09,11,11,465,1212
1167,161,6.31,12,2,197,1112
1168,53,9.06,12,12,250,894
1169,399,6.2,6,12,449,3140
1170,380,7.77,7,9,405,3409
1171,495,9.95,17,4,11,4634
1172,367,3.49,14,11,166,1285
1173,399,4.56,15,7,216,1961
1174,144,5.46,7,8,122,776
1175,201,5.66,11,11,107,1206
1176,360,5.58,16,2,28,2105
1177,186,9.31,16,7,325,2134
1178,296,7.86,6,8,138,2627
1179,436,7.06,8,7,35,2766
1180,292,4.82,7,5,123,1290
1181,80,8.68,8,2,402,1331
1182,89,9.66,10,12,427,1438
1183,278,8.66,16,10,246,2601
1184,85,2.51,15,5,213,547
1185,457,7.27,11,8,489,3626
1186,272,2.88,14,8,108,906
1187,55,4.43,17,3,115,587
1188,371,2.95,16,2,153,1429
1189,269,7.03,15,9,94,1746
1190,124,7.65,17,9,195,1193
1191,53,3.36,17,8,456,1140
1192,384,5.38,9,9,311,2233
1193,183,5.92,12,4,211,1162
1194,167,5.27,11,12,467,1652
1195,418,3.41,7,3,33,1457
1196,143,5.64,15,8,113,728
1197,484,8.13,16,9,287,3692
1198,111,3.03,16,2,311,812
1199,490,3.1,16,13,29,1327
1200,243,5.16,13,11,207,1102
1201,384,9.56,12,10,328,3658
1202,252,7.51,12,14,352,2351
1203,441,7.59,13,12,322,3466
1204,75,5.21,17,5,167,915
1205,484,6.95,17,13,55,2693
1206,222,2.58,16,5,219,1112
1207,349,7.27,6,4,73,2324
1208,182,9.35,6,7,474,2145
1209,375,7.09,13,2,242,2446
1210,459,9.05,9,7,165,4079
1211,167,7.93,10,3,385,1404
1212,373,3.4,13,10,253,1685
1213,324,9.27,10,3,161,2643
1214,261,3.0,15,8,407,1045
1215,274,6.5,9,13,434,2017
1216,69,3.57,17,2,339,588
1217,162,2.59,11,13,33,615
1218,189,5.67,17,8,287,1696
1219,96,4.71,10,6,384,860
1220,50,6.15,12,9,76,382
1221,139,6.83,15,5,122,1135
1222,191,2.83,12,13,442,1084
1223,369,3.42,9,11,19,1255
1224,87,6.69,17,8,378,1091
1225,342,5.07,10,7,242,1873
1226,431,7.97,8,6,228,3150
1227,188,7.39,9,5,13,1300
1228,405,8.84,9,8,411,4031
1229,382,7.69,8,13,186,2767
1230,308,5.72,15,6,274,1604
1231,210,7.55,10,6,341,1875
1232,439,4.57,10,2,354,2639
1233,227,4.8,16,3,478,1940
1234,59,8.42,12,6,270,736
1235,310,5.85,9,14,205,2032
1236,456,8.49,9,4,477,4322
1237,187,8.67,14,14,324,2244
1238,221,8.93,11,3,156,1700
1239,435,9.37,9,5,71,3562
1240,62,5.73,7,5,422,552
1241,217,4.89,11,5,187,1100
1242,179,6.87,7,5,333,1820
1243,133,5.28,10,4,240,881
1244,370,7.01,11,14,107,2233
1245,368,7.79,9,13,304,3082
1246,150,7.66,8,8,39,1144
1247,378,5.31,12,10,212,1921
1248,322,3.75,7,13,277,1402
1249,314,5.73,16,6,223,1984
1250,448,3.57,11,5,376,2153
1251,457,9.18,9,12,415,4269
1252,87,5.09,11,3,387,821
1253,468,3.66,9,3,29,1967
1254,143,2.69,9,6,105,449
1255,144,7.34,9,8,272,1410
1256,354,7.28,14,11,468,3151
1257,118,5.05,12,11,419,807
1258,367,3.04,8,10,422,1634
1259,493,5.57,8,14,158,2380
1260,285,4.83,11,8,220,1543
1261,483,7.58,11,6,240,3930
1262,383,7.04,9,11,87,2357
1263,422,5.23,14,11,25,1690
1264,425,4.13,9,11,473,2668
1265,186,9.91,14,7,127,1621
1266,467,5.91,9,12,127,2375
1267,125,7.66,7,13,50,1261
1268,84,3.55,7,4,464,728
1269,50,6.14,10,6,294,1046
1270,345,2.71,9,9,336,1401
1271,369,6.29,12,2,456,3030
1272,455,9.73,16,13,179,4290
1273,109,5.38,10,2,314,1215
1274,369,2.79,11,8,29,786
1275,398,2.73,15,6,101,1007
1276,377,5.41,9,6,417,2038
1277,316,3.7,17,2,385,1825
1278,410,2.68,7,10,181,1345
1279,278,8.17,15,2,194,2134
1280,319,5.94,14,6,271,1762
1281,365,4.67,15,11,10,1605
1282,335,9.25,12,10,128,3316
1283,340,3.37,9,5,112,1171
1284,262,9.67,8,14,132,2347
1285,214,4.85,15,9,404,1354
1286,54,9.16,8,7,147,915
1287,388,7.02,14,12,103,2451
1288,428,8.7,10,4,257,3662
1289,127,9.88,8,5,434,1988
1290,459,4.66,10,3,128,2244
1291,111,9.71,7,2,48,976
1292,181,5.42,16,14,184,1020
1293,138,5.39,9,9,376,1527
1294,286,5.05,15,2,279,1496
1295,91,6.56,7,14,410,1110
1296,138,3.66,7,12,480,873
1297,451,6.65,17,2,398,3534
1298,345,6.56,13,5,305,2400
1299,377,8.21,6,11,251,3023
1300,344,8.75,12,13,29,2885
1301,153,5.8,10,11,492,1252
1302,63,4.77,16,7,197,694
1303,337,4.45,13,10,84,1404
1304,228,3.96,6,2,336,1076
1305,174,2.93,16,8,149,484
1306,471,5.07,12,11,297,2457
1307,402,4.53,10,12,297,1996
1308,72,9.75,9,6,228,734
1309,112,6.68,12,13,419,1361
1310,192,5.1,15,9,139,846
1311,202,6.85,7,8,229,1117
1312,194,3.54,17,5,273,1412
1313,274,5.83,6,5,335,1980
1314,499,7.2,6,7,394,4226
1315,358,6.17,16,7,203,2084
1316,153,5.51,17,10,326,1344
1317,153,9.95,6,13,83,1674
1318,484,9.1,17,6,467,4626
1319,88,7.18,10,9,197,576
1320,484,6.77,15,6,367,3447
1321,247,7.15,12,3,19,1744
1322,183,4.01,7,7,110,943
1323,116,5.46,15,10,248,942
1324,440,2.8,13,14,440,1948
1325,228,6.07,9,4,268,1818
1326,91,6.57,17,2,465,1131
1327,497,4.21,8,2,247,1949
1328,64,9.73,15,14,250,974
1329,160,9.32,16,4,68,1295
1330,206,7.92,13,11,403,2102
1331,338,6.5,7,6,131,2442
1332,280,9.02,16,4,450,3036
1333,460,3.48,16,10,456,2384
1334,469,8.43,8,9,472,4064
1335,206,3.44,17,4,264,1252
1336,87,8.46,8,10,341,1510
1337,490,4.57,15,14,391,2615
1338,146,9.08,16,7,74,1768
1339,460,9.58,6,14,304,4251
1340,488,3.62,11,8,26,1502
1341,338,5.97,7,5,253,2326
1342,303,9.86,6,5,85,2828
1343,245,6.13,7,13,99,1352
1344,135,8.98,17,14,188,1498
1345,371,6.92,11,3,221,2714
1346,59,5.31,9,6,315,637
1347,54,4.64,11,9,46,333
1348,172,4.02,17,8,256,1159
1349,379,8.21,14,8,99,2827
1350,402,5.4,15,7,291,2493
1351,167,6.33,17,4,322,1261
1352,343,6.19,15,6,282,2200
1353,446,6.83,13,14,371,3521
1354,208,8.99,6,2,174,2067
1355,352,9.86,13,8,384,3323
1356,277,5.56,14,10,222,1644
1357,414,8.71,11,2,247,3714
1358,265,8.23,15,14,327,2481
1359,485,6.8,10,3,19,3120
1360,233,9.67,11,4,330,2546
1361,64,4.0,11,4,313,673
1362,206,3.32,14,9,161,825
1363,185,8.9,9,8,52,1778
1364,310,5.79,7,7,54,1836
1365,206,8.85,16,11,462,2415
1366,96,9.2,16,11,347,1334
1367,373,2.97,14,12,72,995
1368,381,9.13,7,5,184,3346
1369,222,5.86,15,10,300,1834
1370,179,6.33,14,2,419,1843
1371,460,7.2,7,12,31,2898
1372,144,9.45,17,3,125,1433
1373,164,2.64,13,5,445,1158
1374,292,6.08,14,4,14,1706
1375,469,7.66,17,2,108,3481
1376,341,7.92,15,6,479,2928
1377,331,7.69,14,8,310,2522
1378,348,3.51,15,3,138,1540
1379,332,4.75,14,6,42,1785
1380,118,5.19,7,7,23,290
1381,197,8.53,9,12,129,1701
1382,60,4.59,12,8,441,1073
1383,303,4.08,17,2,213,992
1384,379,9.68,7,8,362,3631
1385,409,2.57,6,5,459,1617
1386,87,9.98,8,9,209,976
1387,183,7.58,17,14,103,1445
1388,249,8.71,9,5,263,2641
1389,72,4.71,13,7,454,817
1390,352,2.61,11,10,404,1443
1391,395,8.03,16,6,42,2849
1392,351,8.76,7,13,349,3318
1393,412,8.05,14,5,290,3421
1394,445,3.57,7,9,454,2639
1395,267,8.15,17,14,70,2361
1396,190,8.27,10,10,271,1505
1397,153,7.44,17,5,440,1505
1398,495,8.25,9,4,210,3836
1399,259,8.84,12,9,246,2183
1400,160,7.1,13,6,44,815
1401,153,3.16,10,3,146,618
1402,365,6.16,15,11,169,2129
1403,220,3.08,10,10,473,1141
1404,405,5.56,7,4,148,2653
1405,373,5.55,13,13,235,2082
1406,182,3.0,7,3,338,911
1407,425,5.12,15,2,89,2240
1408,342,3.33,17,9,248,1308
1409,377,8.56,11,12,371,3229
1410,176,9.61,13,4,434,2122
1411,155,3.04,11,8,316,1301
1412,141,9.66,9,2,337,1636
1413,336,6.42,9,2,71,1866
1414,427,4.75,11,13,473,2619
1415,442,3.08,9,10,74,1276
1416,100,6.25,13,13,389,1694
1417,78,8.46,14,9,139,646
1418,345,7.8,6,13,467,3469
1419,346,2.88,9,14,362,1673
1420,263,3.05,9,4,379,1214
1421,316,5.52,7,7,117,1745
1422,456,4.71,11,12,227,2067
1423,306,4.24,8,4,312,1529
1424,351,4.61,12,14,387,1959
1425,150,8.53,16,13,60,1274
1426,454,9.47,16,5,481,4309
1427,395,5.54,10,2,446,2701
1428,159,9.3,9,6,142,1515
1429,469,4.91,10,2,413,2771
1430,231,6.07,13,14,263,1767
1431,362,4.2,8,2,236,1677
1432,50,7.3,12,11,164,672
1433,368,9.84,11,12,294,3683
1434,487,7.03,17,12,367,3781
1435,104,5.18,6,8,211,865
1436,420,7.36,12,13,318,3295
1437,473,3.42,12,7,352,1964
1438,448,9.16,17,3,358,4490
1439,198,6.27,6,12,35,1251
1440,480,5.87,14,13,431,2918
1441,358,6.89,11,3,234,2477
1442,186,7.19,17,12,138,1365
1443,251,3.04,7,8,128,879
1444,485,7.62,10,2,246,3731
1445,362,4.31,16,14,444,1882
1446,166,7.85,9,3,195,1452
1447,203,8.67,12,13,377,2087
1448,474,8.53,13,9,57,3942
1449,340,6.64,16,7,243,2197
1450,112,6.4,16,3,495,1385
1451,293,3.57,6,8,387,1385
1452,74,8.32,10,5,113,1096
1453,139,4.54,8,3,255,1202
1454,124,6.23,6,13,124,553
1455,343,4.63,17,7,210,1586
1456,435,3.5,8,12,392,2132
1457,440,7.22,11,10,387,3532
1458,259,2.91,12,12,121,946
1459,467,8.11,13,10,461,4139
1460,396,4.88,16,9,300,2380
1461,66,2.5,9,4,196,598
1462,177,6.33,8,4,255,1334
1463,476,2.85,10,3,306,1440
1464,492,4.57,14,6,284,2112
1465,413,7.8,11,13,248,3251
1466,300,2.97,14,5,257,820
1467,228,8.8,11,8,96,2000
1468,231,2.53,7,5,408,1076
1469,201,4.35,10,10,275,1588
1470,74,8.06,17,13,74,716
1471,229,4.87,16,13,385,1575
1472,247,3.26,14,3,466,1101
1473,393,5.2,13,12,474,2298
1474,210,4.53,12,7,190,1278
1475,226,8.82,6,8,76,1845
1476,334,4.85,9,5,264,2361
1477,112,8.42,17,14,65,929
1478,199,9.19,12,7,467,2381
1479,203,5.75,16,8,99,937
1480,205,9.32,12,5,133,2109
1481,419,5.33,11,9,209,2138
1482,98,9.73,13,10,197,1259
1483,386,3.17,16,2,399,1862
1484,133,7.65,11,8,233,1285
1485,410,6.2,15,10,93,2779
1486,226,5.41,8,13,140,1189
1487,197,7.25,9,11,259,2009
1488,167,7.78,8,6,82,1038
1489,391,2.53,6,13,309,1514
1490,112,3.75,15,3,287,780
1491,238,7.85,10,11,360,2080
1492,409,7.5,6,7,469,3132
1493,98,9.75,6,13,457,1493
1494,376,8.21,7,13,473,3423
1495,306,9.63,9,8,129,2881
1496,273,7.77,11,3,74,2165
1497,190,4.74,13,3,158,886
1498,264,3.29,8,11,448,1806
1499,484,8.36,6,13,486,4263
1500,428,7.33,8,11,431,3590
1501,489,2.86,17,2,63,1372
1502,260,5.2,8,5,474,1888
1503,367,9.68,10,8,217,3531
1504,81,6.25,16,10,14,289
1505,207,5.75,17,4,226,1333
1506,334,5.93,17,13,32,1563
1507,354,4.07,9,12,276,1601
1508,478,5.27,9,8,175,2437
1509,335,5.27,14,8,241,2120
1510,193,2.89,12,8,310,901
1511,473,8.26,9,3,435,4080
1512,68,5.62,8,7,334,889
1513,67,8.67,11,3,222,892
1514,306,8.88,8,7,411,2944
1515,127,4.09,11,14,453,1226
1516,420,7.43,16,11,68,2875
1517,224,6.04,16,4,270,1505
1518,243,9.1,17,3,149,2115
1519,162,4.12,14,13,33,840
1520,163,7.58,11,7,337,1525
1521,271,7.06,17,3,432,2423
1522,215,4.71,9,6,89,789
1523,484,3.52,10,3,408,2368
1524,368,7.39,11,4,428,2973
1525,181,8.04,16,4,458,2076
1526,434,4.87,8,7,139,2061
1527,313,7.34,13,7,452,2824
1528,462,5.46,9,11,167,2609
1529,104,7.85,13,4,280,1126
1530,408,3.99,15,4,34,1144
1531,180,9.18,15,14,31,1752
1532,337,4.66,8,13,362,1929
1533,315,5.26,15,14,227,1906
1534,415,2.94,12,2,135,1439
1535,211,3.34,16,8,103,697
1536,429,6.37,17,14,338,3070
1537,136,4.51,14,9,10,417
1538,104,8.77,9,3,404,1505
1539,337,2.61,13,5,48,868
1540,227,5.34,8,11,103,1162
1541,440,5.03,12,8,199,2300
1542,398,2.64,8,9,247,1105
1543,57,3.43,17,2,183,513
1544,370,5.6,12,5,167,2198
1545,362,6.2,16,7,482,2812
1546,296,5.53,15,4,324,2260
1547,372,6.48,15,6,21,2182
1548,492,6.96,16,11,220,3407
1549,304,2.57,16,10,438,1127
1550,377,5.98,11,12,157,2580
1551,103,9.73,7,14,56,686
1552,298,6.39,16,4,381,2331
1553,288,7.58,8,6,306,2302
1554,278,4.84,11,9,289,1657
1555,116,8.3,9,7,36,659
1556,100,8.3,11,5,78,1043
1557,146,6.41,6,9,315,1123
1558,141,9.82,15,12,111,1647
1559,313,3.44,17,4,256,1169
1560,467,2.63,6,4,276,1715
1561,340,8.28,8,5,148,2590
1562,145,8.55,13,10,474,1704
1563,137,3.4,13,6,422,1053
1564,127,4.49,16,9,363,889
1565,337,2.63,9,7,48,694
1566,169,4.7,11,4,62,640
1567,351,8.3,13,9,251,3062
1568,449,6.38,12,13,88,2711
1569,214,5.11,16,10,489,1728
1570,231,5.29,12,9,87,1166
1571,447,2.51,9,14,248,1492
1572,272,4.75,14,5,188,1655
1573,360,7.35,17,14,323,2981
1574,481,9.81,15,12,73,4314
1575,56,8.85,11,7,220,533
1576,379,2.68,17,2,144,735
1577,312,9.24,16,5,445,3249
1578,210,8.37,8,9,29,1228
1579,200,8.35,10,2,457,2149
1580,134,5.93,10,4,418,1622
1581,196,5.49,10,2,155,971
1582,161,4.77,13,10,396,1029
1583,430,2.99,14,3,25,1322
1584,452,4.21,14,10,483,1877
1585,85,4.35,11,14,268,811
1586,334,6.13,11,5,158,2374
1587,237,8.11,14,3,187,1836
1588,131,6.05,9,5,42,568
1589,51,2.93,11,13,494,994
1590,434,9.68,9,12,29,3590
1591,352,9.57,16,12,330,3690
1592,246,8.39,6,11,226,1980
1593,453,9.93,12,7,474,5114
1594,60,6.58,15,12,130,683
1595,283,9.72,16,8,270,2889
1596,435,3.07,17,4,246,1913
1597,244,5.24,11,4,354,1888
1598,168,4.19,14,13,43,772
1599,445,3.97,12,11,104,1374
1600,69,3.56,12,13,115,253
1601,310,7.17,7,9,371,2775
1602,342,8.36,17,6,102,2467
1603,471,6.84,16,5,291,3182
1604,305,3.6,14,8,115,956
1605,271,8.58,15,8,432,2821
1606,442,7.27,14,14,471,3792
1607,275,5.41,11,10,264,1927
1608,102,7.56,8,10,182,797
1609,477,4.45,6,6,124,2175
1610,404,5.09,9,14,34,1722
1611,391,9.38,8,13,141,3471
1612,413,4.68,17,14,330,2339
1613,329,6.02,6,9,271,2402
1614,130,9.18,8,11,472,1353
1615,251,7.81,9,2,204,2090
1616,207,2.97,13,10,349,1359
1617,169,3.6,14,9,249,968
1618,108,2.56,8,7,261,657
1619,264,7.23,11,14,141,1817
1620,177,5.86,15,4,232,1559
1621,273,3.51,16,4,240,1120
1622,258,9.68,10,9,356,2762
1623,419,6.47,11,6,470,3052
1624,164,4.31,9,11,171,914
1625,258,6.25,15,12,30,1782
1626,63,7.6,11,8,253,629
1627,58,3.07,12,6,276,597
1628,89,4.56,14,9,92,582
1629,499,8.55,15,11,382,4251
1630,286,5.95,12,11,492,2258
1631,330,6.6,11,5,473,3040
1632,408,5.75,6,3,106,1917
1633,250,2.83,7,4,438,1210
1634,295,3.74,6,9,355,1575
1635,327,5.84,14,12,232,1992
1636,284,4.07,15,14,274,2029
1637,53,2.87,15,8,426,886
1638,203,8.83,14,14,245,1772
1639,491,9.86,12,3,192,4179
1640,78,8.45,7,7,251,1038
1641,158,8.9,11,10,293,1555
1642,147,4.31,16,5,102,981
1643,264,9.7,9,10,451,2926
1644,342,3.98,6,3,340,1621
1645,124,9.64,6,3,320,1439
1646,375,9.96,17,10,58,3646
1647,195,7.84,10,13,306,1918
1648,177,9.86,17,8,69,2025
1649,390,6.77,7,8,48,2406
1650,91,4.45,9,2,268,939
1651,405,5.78,6,14,207,2593
1652,90,6.95,9,12,298,1145
1653,471,3.05,16,7,53,1271
1654,83,7.17,11,14,221,962
1655,66,9.86,15,8,95,709
1656,214,3.93,9,12,493,1472
1657,202,8.44,6,7,284,1800
1658,427,9.31,12,7,346,3674
1659,125,9.58,7,3,169,1581
1660,136,9.7,14,7,56,1358
1661,166,6.41,8,5,488,1421
1662,411,9.83,13,10,150,4005
1663,391,8.18,13,13,217,3458
1664,76,3.71,8,2,328,901
1665,362,6.08,9,14,22,1835
1666,336,7.89,7,9,407,2850
1667,183,4.36,9,6,272,1017
1668,268,7.3,16,2,146,2152
1669,217,7.5,16,5,40,1620
1670,147,3.72,16,2,89,1184
1671,317,6.74,14,7,448,2267
1672,286,8.29,7,3,346,2642
1673,358,6.24,17,6,132,1823
1674,443,2.59,17,8,42,1215
1675,222,2.57,8,3,348,1249
1676,450,5.18,16,7,290,2822
1677,459,9.45,16,7,208,4253
1678,239,4.22,9,6,188,807
1679,171,7.26,10,6,116,1281
1680,95,4.17,6,4,338,951
1681,113,4.91,12,11,485,1026
1682,179,8.86,15,11,96,1518
1683,359,7.97,12,12,302,2773
1684,412,3.22,14,13,217,1398
1685,242,5.72,9,3,228,1771
1686,356,2.72,11,8,134,1209
1687,230,6.11,16,2,414,1607
1688,341,7.47,7,7,247,2523
1689,420,3.39,17,7,276,1707
1690,331,4.67,17,4,159,1675
1691,78,5.48,9,3,99,400
1692,198,9.4,7,13,52,1848
1693,316,9.95,15,3,359,3362
1694,345,2.84,10,14,106,525
1695,60,8.21,12,10,348,851
1696,213,5.29,6,12,201,1195
1697,162,5.44,15,6,213,1249
1698,236,8.16,15,8,239,2232
1699,344,9.39,12,13,190,2857
1700,281,9.63,15,6,59,2612
1701,276,6.83,11,8,161,1924
1702,359,5.18,11,14,335,2201
1703,147,8.41,17,5,336,1494
1704,104,4.38,13,9,150,622
1705,160,6.73,13,14,235,1552
1706,201,5.19,11,12,104,1118
1707,295,7.42,8,11,113,2131
1708,455,4.3,10,14,21,1696
1709,118,3.94,7,12,449,1302
1710,361,9.39,10,11,113,2964
1711,338,3.26,14,8,121,1013
1712,299,6.29,15,11,147,1645
1713,85,4.16,6,6,72,467
1714,288,2.79,15,12,323,1443
1715,197,2.77,10,7,46,495
1716,276,3.81,17,6,75,846
1717,293,9.0,11,8,325,3189
1718,386,4.62,16,13,176,1959
1719,495,9.63,12,3,356,4881
1720,414,6.86,14,6,283,2942
1721,250,5.77,11,11,135,1635
1722,203,6.85,10,4,328,1797
1723,499,6.38,17,10,66,2869
1724,122,8.19,12,14,272,1245
1725,250,4.62,6,7,224,1171
1726,345,5.15,16,14,141,1582
1727,66,9.21,10,11,305,946
1728,178,9.6,7,4,436,2424
1729,266,9.19,9,8,499,2742
1730,110,5.65,12,5,307,1188
1731,476,8.35,10,4,208,3729
1732,153,6.07,17,9,120,659
1733,91,6.23,11,14,135,823
1734,74,4.04,7,5,244,962
1735,88,6.93,8,12,189,662
1736,340,3.9,12,2,457,1566
1737,180,4.99,16,7,190,1185
1738,278,8.91,7,11,192,2334
1739,157,4.05,17,12,197,976
1740,221,3.03,11,12,419,1462
1741,484,3.02,10,2,328,1874
1742,151,9.56,15,6,310,1927
1743,403,6.3,6,8,173,2708
1744,61,5.57,17,7,410,1119
1745,324,8.58,16,3,28,2554
1746,150,8.77,15,12,436,1994
1747,93,4.99,16,5,261,842
1748,492,7.7,9,12,205,3795
1749,354,8.28,16,3,253,3628
1750,494,7.41,7,12,337,3848
1751,66,3.64,9,2,16,-58
1752,379,9.07,6,4,437,3709
1753,106,6.54,7,4,228,905
1754,360,4.62,13,13,178,1711
1755,352,5.69,11,8,77,2109
1756,61,2.78,7,2,225,716
1757,367,3.46,17,10,253,1501
1758,129,8.24,11,12,207,989
1759,265,2.5,15,7,342,1129
1760,388,5.62,14,5,216,2178
1761,313,6.42,12,4,481,2572
1762,198,2.91,14,4,303,949
1763,130,9.8,10,3,405,1998
1764,264,4.2,12,3,63,1148
1765,423,4.78,16,13,204,2018
1766,247,4.78,12,14,175,1048
1767,249,4.23,17,11,289,1371
1768,74,2.51,17,6,431,806
1769,138,7.97,8,10,48,1009
1770,317,9.75,12,3,45,3005
1771,192,4.18,6,3,426,1085
1772,108,7.47,14,13,114,745
1773,459,8.06,15,7,337,3846
1774,414,8.86,11,14,276,3603
1775,75,5.67,10,11,418,938
1776,96,4.77,12,3,71,507
1777,337,4.94,10,13,73,1745
1778,315,7.84,15,5,282,2626
1779,65,8.63,10,7,473,821
1780,248,3.86,16,6,213,1061
1781,450,5.28,15,2,170,2492
1782,456,9.26,16,7,307,4413
1783,331,8.55,12,2,465,3409
1784,135,9.89,15,4,420,2052
1785,299,8.16,12,11,497,2966
1786,440,5.45,16,6,21,2242
1787,319,6.93,8,11,65,1884
1788,384,7.46,8,14,308,2606
1789,166,3.09,15,6,412,796
1790,56,6.58,17,14,149,415
1791,186,7.82,8,11,127,1227
1792,420,3.75,11,7,395,1952
1793,225,8.35,17,13,37,1654
1794,377,6.88,11,11,191,2808
1795,364,9.64,8,9,257,3351
1796,264,2.82,8,6,284,1125
1797,131,4.49,13,12,367,995
1798,272,7.01,13,2,183,1790
1799,421,4.72,12,6,310,2108
1800,472,7.86,15,4,296,3373
1801,451,8.19,9,5,278,3891
1802,492,3.27,9,14,323,2214
1803,152,6.35,8,9,137,1020
1804,322,6.32,10,8,51,1914
1805,63,5.27,8,12,68,342
1806,208,9.5,13,6,120,1794
1807,201,8.71,12,3,255,2099
1808,157,7.73,8,7,421,1788
1809,237,7.86,14,12,353,1624
1810,350,5.96,17,7,396,2265
1811,147,9.41,10,11,181,1107
1812,180,7.71,14,11,208,1872
1813,342,7.97,12,12,202,2723
1814,220,8.96,12,7,104,1978
1815,473,4.56,11,10,40,1930
1816,232,8.55,7,12,299,2455
1817,413,3.96,14,9,494,2386
1818,88,5.09,11,9,91,497
1819,64,5.02,13,2,32,682
1820,425,9.84,6,6,391,4388
1821,53,8.92,10,8,133,334
1822,398,7.76,17,7,416,3424
1823,458,7.95,6,6,354,3912
1824,446,6.72,15,9,473,3380
1825,259,9.6,16,4,210,2471
1826,210,6.22,13,7,334,2030
1827,65,5.35,13,6,237,432
1828,475,3.72,6,9,318,1516
1829,157,8.4,14,5,230,1856
1830,431,8.01,7,9,102,3015
1831,499,5.38,17,11,258,2747
1832,360,2.69,14,3,269,1199
1833,276,8.79,6,10,407,3040
1834,219,2.59,17,14,370,1353
1835,83,7.78,15,10,335,825
1836,463,9.78,14,11,65,4445
1837,300,5.78,9,11,363,2372
1838,296,4.26,14,14,255,1521
1839,318,7.79,12,7,448,3088
1840,190,8.63,16,5,460,2373
1841,323,6.6,11,5,37,1923
1842,465,9.75,10,14,412,4667
1843,145,2.89,16,7,28,537
1844,276,6.29,14,6,189,1521
1845,428,7.89,7,7,275,3382
1846,88,8.97,16,8,82,594
1847,351,3.84,17,8,375,2061
1848,78,8.5,7,10,14,544
1849,495,6.65,16,9,92,3156
1850,367,5.47,17,14,294,2204
1851,294,3.49,14,7,360,1406
1852,285,8.99,17,13,459,3036
1853,234,3.68,8,7,355,1162
1854,321,4.82,13,6,339,1861
1855,489,4.68,16,2,203,2323
1856,285,9.04,14,10,10,2250
1857,288,7.55,13,10,68,2138
1858,426,8.48,9,10,271,3569
1859,315,4.38,17,12,340,2075
1860,463,7.19,6,9,214,3443
1861,458,6.79,9,14,368,3081
1862,408,8.75,14,11,265,3721
1863,389,9.3,7,14,46,3187
1864,438,2.59,8,4,104,1204
1865,114,7.56,15,2,421,1261
1866,226,2.89,13,12,365,696
1867,52,6.62,11,13,448,978
1868,478,4.66,13,13,67,1819
1869,191,4.8,12,9,495,1651
1870,425,5.15,10,8,112,2173
1871,207,7.16,14,14,15,1236
1872,373,5.01,9,6,498,2795
1873,195,8.0,11,11,147,1377
1874,495,5.53,7,8,337,2844
1875,342,3.01,7,11,96,847
1876,202,8.38,7,5,294,2373
1877,481,4.64,15,10,452,2958
1878,242,5.75,12,12,166,1218
1879,486,7.64,7,11,338,3684
1880,122,4.99,17,3,102,542
1881,448,2.92,7,10,316,1541
1882,354,5.3,14,10,174,1742
1883,426,9.58,12,6,113,3722
1884,393,7.31,16,12,163,3031
1885,189,7.54,8,2,97,1818
1886,236,7.24,8,8,451,1906
1887,342,3.99,12,11,204,1326
1888,110,5.64,10,11,130,796
1889,476,8.13,15,5,229,3511
1890,429,3.26,11,10,167,1557
1891,247,4.58,17,7,374,1688
1892,344,4.57,13,14,485,2283
1893,489,5.74,14,4,224,2965
1894,368,9.85,6,7,431,3803
1895,351,3.01,8,14,287,1345
1896,393,6.39,16,11,87,2154
1897,60,3.85,12,7,348,823
1898,111,9.78,11,6,261,1690
1899,382,3.35,12,3,328,1737
1900,275,5.53,13,11,445,1898
1901,202,8.03,11,11,225,1997
1902,248,7.78,8,3,451,2887
1903,101,5.67,7,8,377,1130
1904,309,5.1,17,3,249,1903
1905,108,5.48,12,13,305,1126
1906,121,4.48,17,7,169,421
1907,197,4.04,17,6,491,1372
1908,398,6.12,17,5,337,2594
1909,112,4.51,16,8,31,668
1910,359,4.66,6,9,170,1904
1911,422,7.43,8,5,315,3270
1912,292,9.76,17,2,37,2506
1913,415,7.03,16,2,21,2320
1914,379,3.08,9,2,230,1393
1915,156,3.07,6,12,173,499
1916,275,9.64,10,2,224,2507
1917,362,4.73,15,6,138,1934
1918,267,3.19,8,5,90,1067
1919,474,6.99,7,14,347,3405
1920,290,7.18,8,10,262,1953
1921,308,7.36,13,4,108,2037
1922,425,4.51,11,8,166,2173
1923,311,2.61,12,12,299,1274
1924,54,9.74,17,9,45,447
1925,310,4.38,11,7,82,1357
1926,103,7.57,11,13,45,355
1927,96,7.8,17,14,408,855
1928,264,7.08,8,11,378,2645
1929,226,4.85,17,14,379,1656
1930,58,4.53,13,2,361,778
1931,148,6.98,17,9,338,1357
1932,69,9.0,12,11,243,572
1933,427,9.6,12,4,324,4375
1934,290,3.29,11,9,28,674
1935,110,3.66,10,13,314,974
1936,428,9.59,15,5,391,4307
1937,468,8.02,13,9,255,3750
1938,227,9.12,10,12,185,1880
1939,387,4.02,14,2,145,1361
1940,111,6.91,14,4,324,1255
1941,194,7.76,6,7,349,1894
1942,265,7.6,11,10,436,2477
1943,52,5.56,12,3,177,584
1944,209,2.62,8,12,387,686
1945,276,6.87,12,2,285,2337
1946,318,4.4,16,11,442,1851
1947,169,5.88,16,4,268,1531
1948,430,9.68,12,5,263,3739
1949,138,5.49,16,12,293,1235
1950,378,8.8,7,6,377,3671
1951,117,3.91,12,4,482,838
1952,447,7.54,6,14,46,2974
1953,406,9.83,10,11,36,3434
1954,147,3.26,14,12,469,1308
1955,316,2.56,12,3,269,1194
1956,154,5.75,12,3,311,1583
1957,489,3.19,16,8,246,1814
1958,372,8.11,17,10,55,2945
1959,172,9.36,7,11,386,2262
1960,78,5.76,13,3,376,1079
1961,186,4.44,8,8,162,910
1962,244,5.76,13,8,160,1390
1963,458,7.93,8,12,420,3883
1964,275,2.57,15,8,45,863
1965,381,6.92,12,4,441,2882
1966,219,7.1,7,13,135,1733
1967,58,7.28,9,8,300,895
1968,89,4.32,16,2,468,798
1969,74,7.86,11,11,342,1157
1970,310,3.19,16,2,213,1238
1971,444,3.99,14,6,347,2006
1972,492,9.08,10,3,178,4313
1973,275,8.04,14,10,145,2106
1974,173,2.6,10,8,498,1201
1975,87,4.36,15,5,377,874
1976,377,4.11,13,5,325,1577
1977,300,4.53,6,3,184,1471
1978,438,4.36,12,6,34,1681
1979,225,2.97,9,5,25,766
1980,139,5.94,10,13,281,1341
1981,451,8.0,11,14,383,3720
1982,86,7.05,10,2,273,797
1983,365,7.55,17,13,421,2777
1984,225,3.11,6,9,26,506
1985,333,9.64,17,4,189,3109
1986,130,8.79,14,7,126,949
1987,163,8.54,7,5,229,1775
1988,89,8.67,14,10,45,815
1989,350,9.5,15,8,477,3684
1990,273,6.58,7,10,119,1792
1991,367,4.0,14,11,461,2075
1992,398,7.13,11,4,218,3008
1993,164,8.07,16,2,492,2092
1994,235,8.03,14,6,281,2058
1995,372,6.41,11,4,466,2816
1996,105,3.01,11,7,12,337
1997,89,5.28,16,9,376,951
1998,403,9.41,7,12,452,4266
1999,89,6.88,13,14,78,914
